Workbook

Sheet Sheet1
A1: Resource Planner & Tracker | I1: V1 October 2022
A2: Project: | B2: Discharge Flow Programme
A3: Project Manager: | B3: James Holloway
A4: Project Start Date: | B4: 46055
B7: Resource Name | C7: Resource Role | D7: Total Planned Days | G7: =IFERROR(IF(ISBLANK(B4),"Week 1",B4-MOD(B4-2,7)),"Week 1") | H7: =IFERROR(G7+7,"Week "&RIGHT(G7,LEN(G7)-FIND(" ",G7))+1) | I7: =IFERROR(H7+7,"Week "&RIGHT(H7,LEN(H7)-FIND(" ",H7))+1) | J7: =IFERROR(I7+7,"Week "&RIGHT(I7,LEN(I7)-FIND(" ",I7))+1) | K7: =IFERROR(J7+7,"Week "&RIGHT(J7,LEN(J7)-FIND(" ",J7))+1) | L7: =IFERROR(K7+7,"Week "&RIGHT(K7,LEN(K7)-FIND(" ",K7))+1) | M7: =IFERROR(L7+7,"Week "&RIGHT(L7,LEN(L7)-FIND(" ",L7))+1) | N7: =IFERROR(M7+7,"Week "&RIGHT(M7,LEN(M7)-FIND(" ",M7))+1) | O7: =IFERROR(N7+7,"Week "&RIGHT(N7,LEN(N7)-FIND(" ",N7))+1) | ... R7: =IFERROR(Q7+7,"Week "&RIGHT(Q7,LEN(Q7)-FIND(" ",Q7))+1)
A8: Planned Days | B8: James Holloway | C8: Programme Manager | D8: =SUM(G8:AK8) | G8: 5 | H8: 5 | I8: 5 | J8: 5 | K8: 5 | L8: 5 | M8: 5 | N8: 5 | O8: 5 | P8: 5 | Q8: 5 | R8: 5 | S8: 5 | T8: 5 | U8: 5 | V8: 5 | W8: 5 | X8: 5 | Y8: 5 | Z8: 5 | AA8: 5 | AB8: 5 | AC8: 5 | AD8: 5 | AE8: 5 | AF8: 5 | AG8: 5 | AH8: 3 | AI8: 3 | AJ8: 3 | AK8: 3
B9: Ben Carter | C9: Improvement Manager | D9: =SUM(G9:AK9) | G9: 3 | H9: 3 | I9: 3 | J9: 3 | K9: 5 | L9: 5 | M9: 5 | N9: 5 | O9: 5 | P9: 5 | Q9: 5 | R9: 5 | S9: 5 | T9: 5 | U9: 5 | V9: 5 | W9: 5 | X9: 5 | Y9: 5 | Z9: 5 | AA9: 5 | AB9: 5 | AC9: 5 | AD9: 5 | AE9: 5 | AF9: 5 | AG9: 5 | AH9: 3 | AI9: 3 | AJ9: 3 | AK9: 3
B10: Hannah Lee | C10: Improvement Manager | D10: =SUM(G10:AK10) | G10: 1 | H10: 1 | I10: 1 | J10: 1 | K10: 3 | L10: 3 | M10: 3 | N10: 3 | O10: 3 | P10: 3 | Q10: 3 | R10: 3 | S10: 3 | T10: 3 | U10: 3 | V10: 3 | W10: 3 | X10: 3 | Y10: 3 | Z10: 3 | AA10: 3 | AB10: 3 | AC10: 3 | AD10: 3 | AE10: 3 | AF10: 3 | AG10: 3 | AH10: 1 | AI10: 1 | AJ10: 1 | AK10: 1
B11: Chloe Evans | C11: Project Manager | D11: =SUM(G11:AK11) | G11: 1 | H11: 1 | I11: 1 | J11: 1 | K11: 3 | L11: 3 | M11: 3 | N11: 3 | O11: 3 | P11: 3 | Q11: 3 | R11: 3 | S11: 3 | T11: 3 | U11: 3 | V11: 3 | W11: 3 | X11: 3 | Y11: 3 | Z11: 3 | AA11: 3 | AB11: 3 | AC11: 3 | AD11: 3 | AE11: 3 | AF11: 3 | AG11: 3 | AH11: 1 | AI11: 1 | AJ11: 1 | AK11: 1
B12: Sam Patel | C12: Improvement Manager | D12: =SUM(G12:AK12) | G12: 1 | H12: 1 | I12: 1 | J12: 1 | K12: 3 | L12: 3 | M12: 3 | N12: 3 | O12: 3 | P12: 3 | Q12: 3 | R12: 3 | S12: 3 | T12: 3 | U12: 3 | V12: 3 | W12: 3 | X12: 3 | Y12: 3 | Z12: 3 | AA12: 3 | AB12: 3 | AC12: 3 | AD12: 3 | AE12: 3 | AF12: 3 | AG12: 3 | AH12: 1 | AI12: 1 | AJ12: 1 | AK12: 1
B13: Omar Siddiqui | C13: Senior Analyst | D13: =SUM(G13:AK13) | G13: 1 | H13: 1 | I13: 1 | J13: 1 | K13: 2 | L13: 2 | M13: 2 | N13: 2 | O13: 2 | P13: 2 | Q13: 2 | R13: 2 | S13: 2 | T13: 2 | U13: 2 | V13: 2 | W13: 2 | X13: 2 | Y13: 2 | Z13: 2 | AA13: 2 | AB13: 2 | AC13: 2 | AD13: 2 | AE13: 2 | AF13: 2 | AG13: 2 | AH13: 1 | AI13: 1 | AJ13: 1 | AK13: 1
D14: =SUM(D8:D13)
A15: Predicted time (in days) required for each resource
B18: Resource Name | C18: Resource Role | D18: Total Planned Days | E18: Actual Days Worked | F18: Days Remaining | G18: =G7 | H18: =IFERROR(G18+7,"Week "&RIGHT(G18,LEN(G18)-FIND(" ",G18))+1) | I18: =IFERROR(H18+7,"Week "&RIGHT(H18,LEN(H18)-FIND(" ",H18))+1) | J18: =IFERROR(I18+7,"Week "&RIGHT(I18,LEN(I18)-FIND(" ",I18))+1) | K18: =IFERROR(J18+7,"Week "&RIGHT(J18,LEN(J18)-FIND(" ",J18))+1) | L18: =IFERROR(K18+7,"Week "&RIGHT(K18,LEN(K18)-FIND(" ",K18))+1) | M18: =IFERROR(L18+7,"Week "&RIGHT(L18,LEN(L18)-FIND(" ",L18))+1) | N18: =IFERROR(M18+7,"Week "&RIGHT(M18,LEN(M18)-FIND(" ",M18))+1) | O18: =IFERROR(N18+7,"Week "&RIGHT(N18,LEN(N18)-FIND(" ",N18))+1) | ... R18: =IFERROR(Q18+7,"Week "&RIGHT(Q18,LEN(Q18)-FIND(" ",Q18))+1)
A19: Burn Rate | B19: =B8 | C19: =C8 | D19: =D8 | E19: =SUM(G19:AR19) | F19: =D19-E19 | G19: 5 | H19: 5 | I19: 5 | J19: 5 | K19: 5 | L19: 5 | M19: 5 | N19: 5 | O19: 5 | P19: 5 | Q19: 5 | R19: 5 | S19: 5 | T19: 5 | U19: 5
B20: =B9 | C20: =C9 | D20: =D9 | E20: =SUM(G20:AR20) | F20: =D20-E20 | G20: 3 | H20: 3 | I20: 3 | J20: 3 | K20: 5 | L20: 5 | M20: 5 | N20: 0 | O20: 5 | P20: 5 | Q20: 5 | R20: 5 | S20: 5 | T20: 5 | U20: 5
B21: =B10 | C21: =C10 | D21: =D10 | E21: =SUM(G21:AR21) | F21: =D21-E21 | G21: 1 | H21: 1 | I21: 1 | J21: 1 | K21: 3 | L21: 2 | M21: 3 | N21: 3 | O21: 3 | P21: 3 | Q21: 3 | R21: 3 | S21: 3 | T21: 3 | U21: 3
B22: =B11 | C22: =C11 | D22: =D11 | E22: =SUM(G22:AR22) | F22: =D22-E22 | G22: 1 | H22: 1 | I22: 1 | J22: 1 | K22: 3 | L22: 3 | M22: 3 | N22: 3 | O22: 3 | P22: 3 | Q22: 3 | R22: 0 | S22: 3 | T22: 3 | U22: 3
B23: =B12 | C23: =C12 | D23: =D12 | E23: =SUM(G23:AR23) | F23: =D23-E23 | G23: 1 | H23: 1 | I23: 1 | J23: 1 | K23: 3 | L23: 3 | M23: 3 | N23: 3 | O23: 3 | P23: 2 | Q23: 3 | R23: 3 | S23: 3 | T23: 3 | U23: 3
B24: =B13 | C24: =C13 | D24: =D13 | E24: =SUM(G24:AR24) | F24: =D24-E24 | G24: 1 | H24: 1 | I24: 3 | J24: 1 | K24: 2 | L24: 2 | M24: 2 | N24: 2 | O24: 2 | P24: 2 | Q24: 2 | R24: 2 | S24: 2 | T24: 2 | U24: 2
D25: =D14 | E25: =SUM(G25:AR25) | F25: =D25-E25
A26: Actual resource usage (in days) - requires updating regularly
B29: Resource Name | C29: Resource Role | D29: Total Planned Days | E29: Actual Days Worked | F29: Days Remaining | G29: =G18 | H29: =IFERROR(G29+7,"Week "&RIGHT(G29,LEN(G29)-FIND(" ",G29))+1) | I29: =IFERROR(H29+7,"Week "&RIGHT(H29,LEN(H29)-FIND(" ",H29))+1) | J29: =IFERROR(I29+7,"Week "&RIGHT(I29,LEN(I29)-FIND(" ",I29))+1) | K29: =IFERROR(J29+7,"Week "&RIGHT(J29,LEN(J29)-FIND(" ",J29))+1) | L29: =IFERROR(K29+7,"Week "&RIGHT(K29,LEN(K29)-FIND(" ",K29))+1) | M29: =IFERROR(L29+7,"Week "&RIGHT(L29,LEN(L29)-FIND(" ",L29))+1) | N29: =IFERROR(M29+7,"Week "&RIGHT(M29,LEN(M29)-FIND(" ",M29))+1) | O29: =IFERROR(N29+7,"Week "&RIGHT(N29,LEN(N29)-FIND(" ",N29))+1) | ... R29: =IFERROR(Q29+7,"Week "&RIGHT(Q29,LEN(Q29)-FIND(" ",Q29))+1)
A30: External Resources
A37: Any additional resources from an external source (consultancy etc)

Sheet Visual
A2: Name | B2: Time
A3: =Sheet1!B8 | B3: =Sheet1!D8
A4: =Sheet1!B9 | B4: =Sheet1!D9
A5: =Sheet1!B10 | B5: =Sheet1!D10
A6: =Sheet1!B11 | B6: =Sheet1!D11
